<?xml version='1.0' encoding='utf-8'?>
<typeSystemDescription xmlns="http://uima.apache.org/resourceSpecifier"><types><typeDescription><name>de.tudarmstadt.ukp.dkpro.core.api.segmentation.type.Sentence</name><description/><supertypeName>uima.tcas.Annotation</supertypeName></typeDescription><typeDescription><name>webanno.custom.Relation_EP</name><description/><supertypeName>uima.tcas.Annotation</supertypeName><features><featureDescription><name>Governor</name><description/><rangeTypeName>webanno.custom.Span_EP</rangeTypeName></featureDescription><featureDescription><name>Dependent</name><description/><rangeTypeName>webanno.custom.Span_EP</rangeTypeName></featureDescription><featureDescription><name>label</name><description/><rangeTypeName>uima.cas.String</rangeTypeName></featureDescription></features></typeDescription><typeDescription><name>webanno.custom.Span_EP</name><description/><supertypeName>uima.tcas.Annotation</supertypeName></typeDescription></types></typeSystemDescription>